date,summary
2025-09-09,주식·변동성·신용의 동반 불안 신호는 제한적입니다. 금리·경기·물가의 부담은 별도로 확인하세요.
2025-09-10,주식·변동성·신용의 동반 불안 신호는 제한적입니다. 금리·경기·물가의 부담은 별도로 확인하세요.
2025-09-11,주식·변동성·신용의 동반 불안 신호는 제한적입니다. 금리·경기·물가의 부담은 별도로 확인하세요.
2025-09-12,주식·변동성·신용의 동반 불안 신호는 제한적입니다. 금리·경기·물가의 부담은 별도로 확인하세요.
2025-09-15,주식·변동성·신용의 동반 불안 신호는 제한적입니다. 금리·경기·물가의 부담은 별도로 확인하세요.
2025-09-16,주식·변동성·신용의 동반 불안 신호는 제한적입니다. 금리·경기·물가의 부담은 별도로 확인하세요.
2025-09-17,주식 영역에 신호가 있으나 다른 핵심 영역으로 확산되는지는 추가 확인이 필요합니다.
2025-09-18,주식 영역에 신호가 있으나 다른 핵심 영역으로 확산되는지는 추가 확인이 필요합니다.
2025-09-19,주식 영역에 신호가 있으나 다른 핵심 영역으로 확산되는지는 추가 확인이 필요합니다.
2025-09-22,주식 영역에 신호가 있으나 다른 핵심 영역으로 확산되는지는 추가 확인이 필요합니다.
2025-09-23,주식 영역에 신호가 있으나 다른 핵심 영역으로 확산되는지는 추가 확인이 필요합니다.
2025-09-24,주식 영역에 신호가 있으나 다른 핵심 영역으로 확산되는지는 추가 확인이 필요합니다.
2025-09-25,주식 영역에 신호가 있으나 다른 핵심 영역으로 확산되는지는 추가 확인이 필요합니다.
2025-09-26,주식 영역에 신호가 있으나 다른 핵심 영역으로 확산되는지는 추가 확인이 필요합니다.
2025-09-29,주식 영역에 신호가 있으나 다른 핵심 영역으로 확산되는지는 추가 확인이 필요합니다.
2025-09-30,주식 영역에 신호가 있으나 다른 핵심 영역으로 확산되는지는 추가 확인이 필요합니다.
2025-10-01,주식 영역에 신호가 있으나 다른 핵심 영역으로 확산되는지는 추가 확인이 필요합니다.
2025-10-02,주식·변동성·신용의 동반 불안 신호는 제한적입니다. 금리·경기·물가의 부담은 별도로 확인하세요.
2025-10-03,주식·변동성·신용의 동반 불안 신호는 제한적입니다. 금리·경기·물가의 부담은 별도로 확인하세요.
2025-10-06,주식·변동성·신용의 동반 불안 신호는 제한적입니다. 금리·경기·물가의 부담은 별도로 확인하세요.
2025-10-07,주식·변동성·신용의 동반 불안 신호는 제한적입니다. 금리·경기·물가의 부담은 별도로 확인하세요.
2025-10-08,주식·변동성·신용의 동반 불안 신호는 제한적입니다. 금리·경기·물가의 부담은 별도로 확인하세요.
2025-10-09,주식 영역에 신호가 있으나 다른 핵심 영역으로 확산되는지는 추가 확인이 필요합니다.
2025-10-10,주식 · 변동성 · 신용에서 동반 신호가 나타납니다. 각 지표의 현재 수준과 반복 여부를 함께 확인하세요.
2025-10-13,신용 영역에 신호가 있으나 다른 핵심 영역으로 확산되는지는 추가 확인이 필요합니다.
2025-10-14,변동성 · 신용에서 동반 신호가 나타납니다. 각 지표의 현재 수준과 반복 여부를 함께 확인하세요.
2025-10-15,변동성 영역에 신호가 있으나 다른 핵심 영역으로 확산되는지는 추가 확인이 필요합니다.
2025-10-16,변동성 · 신용에서 동반 신호가 나타납니다. 각 지표의 현재 수준과 반복 여부를 함께 확인하세요.
2025-10-17,변동성 · 신용에서 동반 신호가 나타납니다. 각 지표의 현재 수준과 반복 여부를 함께 확인하세요.
2025-10-20,신용 영역에 신호가 있으나 다른 핵심 영역으로 확산되는지는 추가 확인이 필요합니다.
2025-10-21,주식·변동성·신용의 동반 불안 신호는 제한적입니다. 금리·경기·물가의 부담은 별도로 확인하세요.
2025-10-22,주식 · 신용에서 동반 신호가 나타납니다. 각 지표의 현재 수준과 반복 여부를 함께 확인하세요.
2025-10-23,주식·변동성·신용의 동반 불안 신호는 제한적입니다. 금리·경기·물가의 부담은 별도로 확인하세요.
2025-10-24,주식·변동성·신용의 동반 불안 신호는 제한적입니다. 금리·경기·물가의 부담은 별도로 확인하세요.
2025-10-27,주식·변동성·신용의 동반 불안 신호는 제한적입니다. 금리·경기·물가의 부담은 별도로 확인하세요.
2025-10-28,주식 영역에 신호가 있으나 다른 핵심 영역으로 확산되는지는 추가 확인이 필요합니다.
2025-10-29,주식 영역에 신호가 있으나 다른 핵심 영역으로 확산되는지는 추가 확인이 필요합니다.
2025-10-30,주식 영역에 신호가 있으나 다른 핵심 영역으로 확산되는지는 추가 확인이 필요합니다.
2025-10-31,주식 영역에 신호가 있으나 다른 핵심 영역으로 확산되는지는 추가 확인이 필요합니다.
2025-11-03,주식 · 신용에서 동반 신호가 나타납니다. 각 지표의 현재 수준과 반복 여부를 함께 확인하세요.
2025-11-04,주식 · 신용에서 동반 신호가 나타납니다. 각 지표의 현재 수준과 반복 여부를 함께 확인하세요.
2025-11-05,주식 · 신용에서 동반 신호가 나타납니다. 각 지표의 현재 수준과 반복 여부를 함께 확인하세요.
2025-11-06,신용 영역에 신호가 있으나 다른 핵심 영역으로 확산되는지는 추가 확인이 필요합니다.
2025-11-07,신용 영역에 신호가 있으나 다른 핵심 영역으로 확산되는지는 추가 확인이 필요합니다.
2025-11-10,주식·변동성·신용의 동반 불안 신호는 제한적입니다. 금리·경기·물가의 부담은 별도로 확인하세요.
2025-11-11,주식 영역에 신호가 있으나 다른 핵심 영역으로 확산되는지는 추가 확인이 필요합니다.
2025-11-12,주식 영역에 신호가 있으나 다른 핵심 영역으로 확산되는지는 추가 확인이 필요합니다.
2025-11-13,주식 · 변동성에서 동반 신호가 나타납니다. 각 지표의 현재 수준과 반복 여부를 함께 확인하세요.
2025-11-14,주식 영역에 신호가 있으나 다른 핵심 영역으로 확산되는지는 추가 확인이 필요합니다.
2025-11-17,주식 · 변동성에서 동반 신호가 나타납니다. 각 지표의 현재 수준과 반복 여부를 함께 확인하세요.
2025-11-18,주식 · 변동성 · 신용에서 동반 신호가 나타납니다. 각 지표의 현재 수준과 반복 여부를 함께 확인하세요.
2025-11-19,주식 · 변동성에서 동반 신호가 나타납니다. 각 지표의 현재 수준과 반복 여부를 함께 확인하세요.
2025-11-20,주식 · 변동성에서 동반 신호가 나타납니다. 각 지표의 현재 수준과 반복 여부를 함께 확인하세요.
2025-11-21,주식 · 변동성 · 신용에서 동반 신호가 나타납니다. 각 지표의 현재 수준과 반복 여부를 함께 확인하세요.
2025-11-24,변동성 · 신용에서 동반 신호가 나타납니다. 각 지표의 현재 수준과 반복 여부를 함께 확인하세요.
2025-11-25,주식·변동성·신용의 동반 불안 신호는 제한적입니다. 금리·경기·물가의 부담은 별도로 확인하세요.
2025-11-26,주식·변동성·신용의 동반 불안 신호는 제한적입니다. 금리·경기·물가의 부담은 별도로 확인하세요.
2025-11-28,주식·변동성·신용의 동반 불안 신호는 제한적입니다. 금리·경기·물가의 부담은 별도로 확인하세요.
2025-12-01,주식·변동성·신용의 동반 불안 신호는 제한적입니다. 금리·경기·물가의 부담은 별도로 확인하세요.
2025-12-02,주식·변동성·신용의 동반 불안 신호는 제한적입니다. 금리·경기·물가의 부담은 별도로 확인하세요.
2025-12-03,주식·변동성·신용의 동반 불안 신호는 제한적입니다. 금리·경기·물가의 부담은 별도로 확인하세요.
2025-12-04,주식·변동성·신용의 동반 불안 신호는 제한적입니다. 금리·경기·물가의 부담은 별도로 확인하세요.
2025-12-05,주식·변동성·신용의 동반 불안 신호는 제한적입니다. 금리·경기·물가의 부담은 별도로 확인하세요.
2025-12-08,주식·변동성·신용의 동반 불안 신호는 제한적입니다. 금리·경기·물가의 부담은 별도로 확인하세요.
2025-12-09,주식·변동성·신용의 동반 불안 신호는 제한적입니다. 금리·경기·물가의 부담은 별도로 확인하세요.
2025-12-10,주식·변동성·신용의 동반 불안 신호는 제한적입니다. 금리·경기·물가의 부담은 별도로 확인하세요.
2025-12-11,주식·변동성·신용의 동반 불안 신호는 제한적입니다. 금리·경기·물가의 부담은 별도로 확인하세요.
2025-12-12,주식·변동성·신용의 동반 불안 신호는 제한적입니다. 금리·경기·물가의 부담은 별도로 확인하세요.
2025-12-15,주식·변동성·신용의 동반 불안 신호는 제한적입니다. 금리·경기·물가의 부담은 별도로 확인하세요.
2025-12-16,주식·변동성·신용의 동반 불안 신호는 제한적입니다. 금리·경기·물가의 부담은 별도로 확인하세요.
2025-12-17,주식 영역에 신호가 있으나 다른 핵심 영역으로 확산되는지는 추가 확인이 필요합니다.
2025-12-18,주식 영역에 신호가 있으나 다른 핵심 영역으로 확산되는지는 추가 확인이 필요합니다.
2025-12-19,주식·변동성·신용의 동반 불안 신호는 제한적입니다. 금리·경기·물가의 부담은 별도로 확인하세요.
2025-12-22,주식·변동성·신용의 동반 불안 신호는 제한적입니다. 금리·경기·물가의 부담은 별도로 확인하세요.
2025-12-23,주식·변동성·신용의 동반 불안 신호는 제한적입니다. 금리·경기·물가의 부담은 별도로 확인하세요.
2025-12-24,주식·변동성·신용의 동반 불안 신호는 제한적입니다. 금리·경기·물가의 부담은 별도로 확인하세요.
2025-12-26,주식·변동성·신용의 동반 불안 신호는 제한적입니다. 금리·경기·물가의 부담은 별도로 확인하세요.
2025-12-29,주식·변동성·신용의 동반 불안 신호는 제한적입니다. 금리·경기·물가의 부담은 별도로 확인하세요.
2025-12-30,주식·변동성·신용의 동반 불안 신호는 제한적입니다. 금리·경기·물가의 부담은 별도로 확인하세요.
2025-12-31,주식·변동성·신용의 동반 불안 신호는 제한적입니다. 금리·경기·물가의 부담은 별도로 확인하세요.
2026-01-02,주식·변동성·신용의 동반 불안 신호는 제한적입니다. 금리·경기·물가의 부담은 별도로 확인하세요.
2026-01-05,주식·변동성·신용의 동반 불안 신호는 제한적입니다. 금리·경기·물가의 부담은 별도로 확인하세요.
2026-01-06,주식·변동성·신용의 동반 불안 신호는 제한적입니다. 금리·경기·물가의 부담은 별도로 확인하세요.
2026-01-07,주식·변동성·신용의 동반 불안 신호는 제한적입니다. 금리·경기·물가의 부담은 별도로 확인하세요.
2026-01-08,주식·변동성·신용의 동반 불안 신호는 제한적입니다. 금리·경기·물가의 부담은 별도로 확인하세요.
2026-01-09,주식·변동성·신용의 동반 불안 신호는 제한적입니다. 금리·경기·물가의 부담은 별도로 확인하세요.
2026-01-12,주식·변동성·신용의 동반 불안 신호는 제한적입니다. 금리·경기·물가의 부담은 별도로 확인하세요.
2026-01-13,주식·변동성·신용의 동반 불안 신호는 제한적입니다. 금리·경기·물가의 부담은 별도로 확인하세요.
2026-01-14,주식·변동성·신용의 동반 불안 신호는 제한적입니다. 금리·경기·물가의 부담은 별도로 확인하세요.
2026-01-15,주식·변동성·신용의 동반 불안 신호는 제한적입니다. 금리·경기·물가의 부담은 별도로 확인하세요.
2026-01-16,주식·변동성·신용의 동반 불안 신호는 제한적입니다. 금리·경기·물가의 부담은 별도로 확인하세요.
2026-01-20,변동성 영역에 신호가 있으나 다른 핵심 영역으로 확산되는지는 추가 확인이 필요합니다.
2026-01-21,주식·변동성·신용의 동반 불안 신호는 제한적입니다. 금리·경기·물가의 부담은 별도로 확인하세요.
2026-01-22,주식·변동성·신용의 동반 불안 신호는 제한적입니다. 금리·경기·물가의 부담은 별도로 확인하세요.
2026-01-23,주식·변동성·신용의 동반 불안 신호는 제한적입니다. 금리·경기·물가의 부담은 별도로 확인하세요.
2026-01-26,주식·변동성·신용의 동반 불안 신호는 제한적입니다. 금리·경기·물가의 부담은 별도로 확인하세요.
2026-01-27,주식·변동성·신용의 동반 불안 신호는 제한적입니다. 금리·경기·물가의 부담은 별도로 확인하세요.
2026-01-28,주식·변동성·신용의 동반 불안 신호는 제한적입니다. 금리·경기·물가의 부담은 별도로 확인하세요.
2026-01-29,주식·변동성·신용의 동반 불안 신호는 제한적입니다. 금리·경기·물가의 부담은 별도로 확인하세요.
2026-01-30,주식·변동성·신용의 동반 불안 신호는 제한적입니다. 금리·경기·물가의 부담은 별도로 확인하세요.
2026-02-02,주식·변동성·신용의 동반 불안 신호는 제한적입니다. 금리·경기·물가의 부담은 별도로 확인하세요.
2026-02-03,주식·변동성·신용의 동반 불안 신호는 제한적입니다. 금리·경기·물가의 부담은 별도로 확인하세요.
2026-02-04,주식·변동성·신용의 동반 불안 신호는 제한적입니다. 금리·경기·물가의 부담은 별도로 확인하세요.
2026-02-05,주식 · 변동성 · 신용에서 동반 신호가 나타납니다. 각 지표의 현재 수준과 반복 여부를 함께 확인하세요.
2026-02-06,주식·변동성·신용의 동반 불안 신호는 제한적입니다. 금리·경기·물가의 부담은 별도로 확인하세요.
2026-02-09,주식·변동성·신용의 동반 불안 신호는 제한적입니다. 금리·경기·물가의 부담은 별도로 확인하세요.
2026-02-10,주식·변동성·신용의 동반 불안 신호는 제한적입니다. 금리·경기·물가의 부담은 별도로 확인하세요.
2026-02-11,주식·변동성·신용의 동반 불안 신호는 제한적입니다. 금리·경기·물가의 부담은 별도로 확인하세요.
2026-02-12,변동성 영역에 신호가 있으나 다른 핵심 영역으로 확산되는지는 추가 확인이 필요합니다.
2026-02-13,변동성 · 신용에서 동반 신호가 나타납니다. 각 지표의 현재 수준과 반복 여부를 함께 확인하세요.
2026-02-17,변동성 영역에 신호가 있으나 다른 핵심 영역으로 확산되는지는 추가 확인이 필요합니다.
2026-02-18,주식·변동성·신용의 동반 불안 신호는 제한적입니다. 금리·경기·물가의 부담은 별도로 확인하세요.
2026-02-19,변동성 영역에 신호가 있으나 다른 핵심 영역으로 확산되는지는 추가 확인이 필요합니다.
2026-02-20,주식·변동성·신용의 동반 불안 신호는 제한적입니다. 금리·경기·물가의 부담은 별도로 확인하세요.
2026-02-23,변동성 영역에 신호가 있으나 다른 핵심 영역으로 확산되는지는 추가 확인이 필요합니다.
2026-02-24,주식·변동성·신용의 동반 불안 신호는 제한적입니다. 금리·경기·물가의 부담은 별도로 확인하세요.
2026-02-25,주식·변동성·신용의 동반 불안 신호는 제한적입니다. 금리·경기·물가의 부담은 별도로 확인하세요.
2026-02-26,주식·변동성·신용의 동반 불안 신호는 제한적입니다. 금리·경기·물가의 부담은 별도로 확인하세요.
2026-02-27,신용 영역에 신호가 있으나 다른 핵심 영역으로 확산되는지는 추가 확인이 필요합니다.
2026-03-02,변동성 영역에 신호가 있으나 다른 핵심 영역으로 확산되는지는 추가 확인이 필요합니다.
2026-03-03,변동성 · 신용에서 동반 신호가 나타납니다. 각 지표의 현재 수준과 반복 여부를 함께 확인하세요.
2026-03-04,변동성 영역에 신호가 있으나 다른 핵심 영역으로 확산되는지는 추가 확인이 필요합니다.
2026-03-05,주식 · 변동성에서 동반 신호가 나타납니다. 각 지표의 현재 수준과 반복 여부를 함께 확인하세요.
2026-03-06,주식 · 변동성에서 동반 신호가 나타납니다. 각 지표의 현재 수준과 반복 여부를 함께 확인하세요.
2026-03-09,주식 · 변동성 · 신용에서 동반 신호가 나타납니다. 각 지표의 현재 수준과 반복 여부를 함께 확인하세요.
2026-03-10,주식 · 변동성에서 동반 신호가 나타납니다. 각 지표의 현재 수준과 반복 여부를 함께 확인하세요.
2026-03-11,주식 · 변동성 · 신용에서 동반 신호가 나타납니다. 각 지표의 현재 수준과 반복 여부를 함께 확인하세요.
2026-03-12,주식 · 변동성 · 신용에서 동반 신호가 나타납니다. 각 지표의 현재 수준과 반복 여부를 함께 확인하세요.
2026-03-13,주식 · 변동성 · 신용에서 동반 신호가 나타납니다. 각 지표의 현재 수준과 반복 여부를 함께 확인하세요.
2026-03-16,주식 · 변동성 · 신용에서 동반 신호가 나타납니다. 각 지표의 현재 수준과 반복 여부를 함께 확인하세요.
2026-03-17,주식 · 변동성 · 신용에서 동반 신호가 나타납니다. 각 지표의 현재 수준과 반복 여부를 함께 확인하세요.
2026-03-18,주식 · 변동성 · 신용에서 동반 신호가 나타납니다. 각 지표의 현재 수준과 반복 여부를 함께 확인하세요.
2026-03-19,주식 · 변동성 · 신용에서 동반 신호가 나타납니다. 각 지표의 현재 수준과 반복 여부를 함께 확인하세요.
2026-03-20,주식 · 변동성에서 동반 신호가 나타납니다. 각 지표의 현재 수준과 반복 여부를 함께 확인하세요.
2026-03-23,주식 · 변동성에서 동반 신호가 나타납니다. 각 지표의 현재 수준과 반복 여부를 함께 확인하세요.
2026-03-24,주식 · 변동성에서 동반 신호가 나타납니다. 각 지표의 현재 수준과 반복 여부를 함께 확인하세요.
2026-03-25,주식 · 변동성에서 동반 신호가 나타납니다. 각 지표의 현재 수준과 반복 여부를 함께 확인하세요.
2026-03-26,주식 · 변동성에서 동반 신호가 나타납니다. 각 지표의 현재 수준과 반복 여부를 함께 확인하세요.
2026-03-27,주식 · 변동성 · 신용에서 동반 신호가 나타납니다. 각 지표의 현재 수준과 반복 여부를 함께 확인하세요.
2026-03-30,주식 · 변동성 · 신용에서 동반 신호가 나타납니다. 각 지표의 현재 수준과 반복 여부를 함께 확인하세요.
2026-03-31,주식 · 변동성에서 동반 신호가 나타납니다. 각 지표의 현재 수준과 반복 여부를 함께 확인하세요.
2026-04-01,주식 · 변동성에서 동반 신호가 나타납니다. 각 지표의 현재 수준과 반복 여부를 함께 확인하세요.
2026-04-02,주식 · 변동성에서 동반 신호가 나타납니다. 각 지표의 현재 수준과 반복 여부를 함께 확인하세요.
2026-04-06,주식 · 변동성에서 동반 신호가 나타납니다. 각 지표의 현재 수준과 반복 여부를 함께 확인하세요.
2026-04-07,주식 · 변동성에서 동반 신호가 나타납니다. 각 지표의 현재 수준과 반복 여부를 함께 확인하세요.
2026-04-08,변동성 영역에 신호가 있으나 다른 핵심 영역으로 확산되는지는 추가 확인이 필요합니다.
2026-04-09,주식·변동성·신용의 동반 불안 신호는 제한적입니다. 금리·경기·물가의 부담은 별도로 확인하세요.
2026-04-10,주식·변동성·신용의 동반 불안 신호는 제한적입니다. 금리·경기·물가의 부담은 별도로 확인하세요.
2026-04-13,주식·변동성·신용의 동반 불안 신호는 제한적입니다. 금리·경기·물가의 부담은 별도로 확인하세요.
2026-04-14,주식·변동성·신용의 동반 불안 신호는 제한적입니다. 금리·경기·물가의 부담은 별도로 확인하세요.
2026-04-15,주식 영역에 신호가 있으나 다른 핵심 영역으로 확산되는지는 추가 확인이 필요합니다.
2026-04-16,주식 영역에 신호가 있으나 다른 핵심 영역으로 확산되는지는 추가 확인이 필요합니다.
2026-04-17,주식 영역에 신호가 있으나 다른 핵심 영역으로 확산되는지는 추가 확인이 필요합니다.
2026-04-20,주식 영역에 신호가 있으나 다른 핵심 영역으로 확산되는지는 추가 확인이 필요합니다.
2026-04-21,주식·변동성·신용의 동반 불안 신호는 제한적입니다. 금리·경기·물가의 부담은 별도로 확인하세요.
2026-04-22,주식 영역에 신호가 있으나 다른 핵심 영역으로 확산되는지는 추가 확인이 필요합니다.
2026-04-23,주식 영역에 신호가 있으나 다른 핵심 영역으로 확산되는지는 추가 확인이 필요합니다.
2026-04-24,주식 영역에 신호가 있으나 다른 핵심 영역으로 확산되는지는 추가 확인이 필요합니다.
2026-04-27,주식 영역에 신호가 있으나 다른 핵심 영역으로 확산되는지는 추가 확인이 필요합니다.
2026-04-28,주식 영역에 신호가 있으나 다른 핵심 영역으로 확산되는지는 추가 확인이 필요합니다.
2026-04-29,주식 영역에 신호가 있으나 다른 핵심 영역으로 확산되는지는 추가 확인이 필요합니다.
2026-04-30,주식 영역에 신호가 있으나 다른 핵심 영역으로 확산되는지는 추가 확인이 필요합니다.
2026-05-01,주식 영역에 신호가 있으나 다른 핵심 영역으로 확산되는지는 추가 확인이 필요합니다.
2026-05-04,주식 영역에 신호가 있으나 다른 핵심 영역으로 확산되는지는 추가 확인이 필요합니다.
2026-05-05,주식 영역에 신호가 있으나 다른 핵심 영역으로 확산되는지는 추가 확인이 필요합니다.
2026-05-06,주식 영역에 신호가 있으나 다른 핵심 영역으로 확산되는지는 추가 확인이 필요합니다.
2026-05-07,주식 영역에 신호가 있으나 다른 핵심 영역으로 확산되는지는 추가 확인이 필요합니다.
2026-05-08,주식 영역에 신호가 있으나 다른 핵심 영역으로 확산되는지는 추가 확인이 필요합니다.
2026-05-11,주식 영역에 신호가 있으나 다른 핵심 영역으로 확산되는지는 추가 확인이 필요합니다.
2026-05-12,주식 영역에 신호가 있으나 다른 핵심 영역으로 확산되는지는 추가 확인이 필요합니다.
2026-05-13,주식 영역에 신호가 있으나 다른 핵심 영역으로 확산되는지는 추가 확인이 필요합니다.
2026-05-14,주식 영역에 신호가 있으나 다른 핵심 영역으로 확산되는지는 추가 확인이 필요합니다.
2026-05-15,주식 영역에 신호가 있으나 다른 핵심 영역으로 확산되는지는 추가 확인이 필요합니다.
2026-05-18,주식 영역에 신호가 있으나 다른 핵심 영역으로 확산되는지는 추가 확인이 필요합니다.
2026-05-19,주식 영역에 신호가 있으나 다른 핵심 영역으로 확산되는지는 추가 확인이 필요합니다.
2026-05-20,주식 영역에 신호가 있으나 다른 핵심 영역으로 확산되는지는 추가 확인이 필요합니다.
2026-05-21,주식 영역에 신호가 있으나 다른 핵심 영역으로 확산되는지는 추가 확인이 필요합니다.
2026-05-22,주식 영역에 신호가 있으나 다른 핵심 영역으로 확산되는지는 추가 확인이 필요합니다.
2026-05-26,주식 영역에 신호가 있으나 다른 핵심 영역으로 확산되는지는 추가 확인이 필요합니다.
2026-05-27,주식 영역에 신호가 있으나 다른 핵심 영역으로 확산되는지는 추가 확인이 필요합니다.
2026-05-28,주식 영역에 신호가 있으나 다른 핵심 영역으로 확산되는지는 추가 확인이 필요합니다.
2026-05-29,주식 영역에 신호가 있으나 다른 핵심 영역으로 확산되는지는 추가 확인이 필요합니다.
2026-06-01,주식 영역에 신호가 있으나 다른 핵심 영역으로 확산되는지는 추가 확인이 필요합니다.
2026-06-02,주식·변동성·신용의 동반 불안 신호는 제한적입니다. 금리·경기·물가의 부담은 별도로 확인하세요.
2026-06-03,주식·변동성·신용의 동반 불안 신호는 제한적입니다. 금리·경기·물가의 부담은 별도로 확인하세요.
2026-06-04,주식·변동성·신용의 동반 불안 신호는 제한적입니다. 금리·경기·물가의 부담은 별도로 확인하세요.
2026-06-05,주식 · 변동성에서 동반 신호가 나타납니다. 각 지표의 현재 수준과 반복 여부를 함께 확인하세요.
2026-06-08,주식·변동성·신용의 동반 불안 신호는 제한적입니다. 금리·경기·물가의 부담은 별도로 확인하세요.
2026-06-09,변동성 영역에 신호가 있으나 다른 핵심 영역으로 확산되는지는 추가 확인이 필요합니다.
2026-06-10,변동성 영역에 신호가 있으나 다른 핵심 영역으로 확산되는지는 추가 확인이 필요합니다.
2026-06-11,변동성 영역에 신호가 있으나 다른 핵심 영역으로 확산되는지는 추가 확인이 필요합니다.
2026-06-12,주식·변동성·신용의 동반 불안 신호는 제한적입니다. 금리·경기·물가의 부담은 별도로 확인하세요.
2026-06-15,주식·변동성·신용의 동반 불안 신호는 제한적입니다. 금리·경기·물가의 부담은 별도로 확인하세요.
2026-06-16,주식·변동성·신용의 동반 불안 신호는 제한적입니다. 금리·경기·물가의 부담은 별도로 확인하세요.
2026-06-17,주식·변동성·신용의 동반 불안 신호는 제한적입니다. 금리·경기·물가의 부담은 별도로 확인하세요.
2026-06-18,주식·변동성·신용의 동반 불안 신호는 제한적입니다. 금리·경기·물가의 부담은 별도로 확인하세요.
2026-06-22,주식·변동성·신용의 동반 불안 신호는 제한적입니다. 금리·경기·물가의 부담은 별도로 확인하세요.
2026-06-23,주식·변동성·신용의 동반 불안 신호는 제한적입니다. 금리·경기·물가의 부담은 별도로 확인하세요.
2026-06-24,주식·변동성·신용의 동반 불안 신호는 제한적입니다. 금리·경기·물가의 부담은 별도로 확인하세요.
2026-06-25,주식·변동성·신용의 동반 불안 신호는 제한적입니다. 금리·경기·물가의 부담은 별도로 확인하세요.
2026-06-26,신용 영역에 신호가 있으나 다른 핵심 영역으로 확산되는지는 추가 확인이 필요합니다.
2026-06-29,주식·변동성·신용의 동반 불안 신호는 제한적입니다. 금리·경기·물가의 부담은 별도로 확인하세요.
2026-06-30,주식·변동성·신용의 동반 불안 신호는 제한적입니다. 금리·경기·물가의 부담은 별도로 확인하세요.
2026-07-01,주식·변동성·신용의 동반 불안 신호는 제한적입니다. 금리·경기·물가의 부담은 별도로 확인하세요.
2026-07-02,주식·변동성·신용의 동반 불안 신호는 제한적입니다. 금리·경기·물가의 부담은 별도로 확인하세요.
2026-07-06,주식·변동성·신용의 동반 불안 신호는 제한적입니다. 금리·경기·물가의 부담은 별도로 확인하세요.
2026-07-07,주식·변동성·신용의 동반 불안 신호는 제한적입니다. 금리·경기·물가의 부담은 별도로 확인하세요.
2026-07-08,주식·변동성·신용의 동반 불안 신호는 제한적입니다. 금리·경기·물가의 부담은 별도로 확인하세요.
2026-07-09,주식·변동성·신용의 동반 불안 신호는 제한적입니다. 금리·경기·물가의 부담은 별도로 확인하세요.
2026-07-10,주식·변동성·신용의 동반 불안 신호는 제한적입니다. 금리·경기·물가의 부담은 별도로 확인하세요.
2026-07-13,주식·변동성·신용의 동반 불안 신호는 제한적입니다. 금리·경기·물가의 부담은 별도로 확인하세요.
2026-07-14,주식·변동성·신용의 동반 불안 신호는 제한적입니다. 금리·경기·물가의 부담은 별도로 확인하세요.
2026-07-15,주식·변동성·신용의 동반 불안 신호는 제한적입니다. 금리·경기·물가의 부담은 별도로 확인하세요.
2026-07-16,주식·변동성·신용의 동반 불안 신호는 제한적입니다. 금리·경기·물가의 부담은 별도로 확인하세요.
2026-07-17,변동성 영역에 신호가 있으나 다른 핵심 영역으로 확산되는지는 추가 확인이 필요합니다.
2026-07-20,주식·변동성·신용의 동반 불안 신호는 제한적입니다. 금리·경기·물가의 부담은 별도로 확인하세요.
2026-07-21,주식·변동성·신용의 동반 불안 신호는 제한적입니다. 금리·경기·물가의 부담은 별도로 확인하세요.
2026-07-22,주식·변동성·신용의 동반 불안 신호는 제한적입니다. 금리·경기·물가의 부담은 별도로 확인하세요.
2026-07-23,주식·변동성·신용의 동반 불안 신호는 제한적입니다. 금리·경기·물가의 부담은 별도로 확인하세요.
2026-07-24,주식·변동성·신용의 동반 불안 신호는 제한적입니다. 금리·경기·물가의 부담은 별도로 확인하세요.
2026-07-27,주식·변동성·신용의 동반 불안 신호는 제한적입니다. 금리·경기·물가의 부담은 별도로 확인하세요.
2026-07-28,주식·변동성·신용의 동반 불안 신호는 제한적입니다. 금리·경기·물가의 부담은 별도로 확인하세요.
2026-07-29,변동성 · 신용에서 동반 신호가 나타납니다. 각 지표의 현재 수준과 반복 여부를 함께 확인하세요.
2026-07-30,주식·변동성·신용의 동반 불안 신호는 제한적입니다. 금리·경기·물가의 부담은 별도로 확인하세요.
2026-07-31,주식·변동성·신용의 동반 불안 신호는 제한적입니다. 금리·경기·물가의 부담은 별도로 확인하세요.
2026-08-03,주식·변동성·신용의 동반 불안 신호는 제한적입니다. 금리·경기·물가의 부담은 별도로 확인하세요.
2026-08-04,주식·변동성·신용의 동반 불안 신호는 제한적입니다. 금리·경기·물가의 부담은 별도로 확인하세요.
2026-08-05,주식·변동성·신용의 동반 불안 신호는 제한적입니다. 금리·경기·물가의 부담은 별도로 확인하세요.
2026-08-06,주식·변동성·신용의 동반 불안 신호는 제한적입니다. 금리·경기·물가의 부담은 별도로 확인하세요.
2026-08-07,주식·변동성·신용의 동반 불안 신호는 제한적입니다. 금리·경기·물가의 부담은 별도로 확인하세요.
2026-08-10,주식·변동성·신용의 동반 불안 신호는 제한적입니다. 금리·경기·물가의 부담은 별도로 확인하세요.
2026-08-11,주식·변동성·신용의 동반 불안 신호는 제한적입니다. 금리·경기·물가의 부담은 별도로 확인하세요.
2026-08-12,주식·변동성·신용의 동반 불안 신호는 제한적입니다. 금리·경기·물가의 부담은 별도로 확인하세요.
2026-08-13,주식·변동성·신용의 동반 불안 신호는 제한적입니다. 금리·경기·물가의 부담은 별도로 확인하세요.
2026-08-14,주식·변동성·신용의 동반 불안 신호는 제한적입니다. 금리·경기·물가의 부담은 별도로 확인하세요.
2026-08-17,주식·변동성·신용의 동반 불안 신호는 제한적입니다. 금리·경기·물가의 부담은 별도로 확인하세요.
2026-08-18,주식·변동성·신용의 동반 불안 신호는 제한적입니다. 금리·경기·물가의 부담은 별도로 확인하세요.
2026-08-19,주식·변동성·신용의 동반 불안 신호는 제한적입니다. 금리·경기·물가의 부담은 별도로 확인하세요.
2026-08-20,주식·변동성·신용의 동반 불안 신호는 제한적입니다. 금리·경기·물가의 부담은 별도로 확인하세요.
2026-08-21,주식·변동성·신용의 동반 불안 신호는 제한적입니다. 금리·경기·물가의 부담은 별도로 확인하세요.
2026-08-24,주식·변동성·신용의 동반 불안 신호는 제한적입니다. 금리·경기·물가의 부담은 별도로 확인하세요.
2026-08-25,주식·변동성·신용의 동반 불안 신호는 제한적입니다. 금리·경기·물가의 부담은 별도로 확인하세요.
2026-08-26,주식 영역에 신호가 있으나 다른 핵심 영역으로 확산되는지는 추가 확인이 필요합니다.
2026-08-27,주식·변동성·신용의 동반 불안 신호는 제한적입니다. 금리·경기·물가의 부담은 별도로 확인하세요.
2026-08-28,주식·변동성·신용의 동반 불안 신호는 제한적입니다. 금리·경기·물가의 부담은 별도로 확인하세요.
2026-08-31,주식·변동성·신용의 동반 불안 신호는 제한적입니다. 금리·경기·물가의 부담은 별도로 확인하세요.
2026-09-01,주식 영역에 신호가 있으나 다른 핵심 영역으로 확산되는지는 추가 확인이 필요합니다.
2026-09-02,주식·변동성·신용의 동반 불안 신호는 제한적입니다. 금리·경기·물가의 부담은 별도로 확인하세요.
2026-09-03,주식·변동성·신용의 동반 불안 신호는 제한적입니다. 금리·경기·물가의 부담은 별도로 확인하세요.
2026-09-04,주식·변동성·신용의 동반 불안 신호는 제한적입니다. 금리·경기·물가의 부담은 별도로 확인하세요.
